,CHN,IRN,PRK,RUS
CHN,,0.020588235294117647,0.001176470588235294,0.10294117647058823
IRN,inf,,inf,4.375
PRK,inf,inf,,116.66666666666667
RUS,inf,0.14,0.008,
